station_id,sensor_name,sensor_code,quantity,unit,dt,value,lat,lon,codseqst,point,quota,aggiornamento,gestore,provincia
ABR_MARTINSICURO,Abruzzo Virtual - Martinsicuro,TARIA2M,Temperatura aria a 2m,°C,2026-04-10T20:30,14.2,42.88,13.91,8842881391,"{""type"": ""Point"", ""coordinates"": [13.91, 42.88]}",5.0,2026-04-10T20:35:59,ARTA_VIRTUAL,Abruzzo
ABR_MARTINSICURO,Abruzzo Virtual - Martinsicuro,PRESS,Pressione atmosferica,hPa,2026-04-10T20:30,1014.2,42.88,13.91,8842881391,"{""type"": ""Point"", ""coordinates"": [13.91, 42.88]}",5.0,2026-04-10T20:35:59,ARTA_VIRTUAL,Abruzzo
ABR_MARTINSICURO,Abruzzo Virtual - Martinsicuro,VV,Velocità vento,m/s,2026-04-10T20:30,0.58,42.88,13.91,8842881391,"{""type"": ""Point"", ""coordinates"": [13.91, 42.88]}",5.0,2026-04-10T20:35:59,ARTA_VIRTUAL,Abruzzo
ABR_MARTINSICURO,Abruzzo Virtual - Martinsicuro,PREC,Precipitazione,mm,2026-04-10T20:30,0.0,42.88,13.91,8842881391,"{""type"": ""Point"", ""coordinates"": [13.91, 42.88]}",5.0,2026-04-10T20:35:59,ARTA_VIRTUAL,Abruzzo
ABR_ALBA_ADRIATICA,Abruzzo Virtual - Alba Adriatica,TARIA2M,Temperatura aria a 2m,°C,2026-04-10T20:30,14.6,42.83,13.92,8842831392,"{""type"": ""Point"", ""coordinates"": [13.92, 42.83]}",5.0,2026-04-10T20:35:59,ARTA_VIRTUAL,Abruzzo
ABR_ALBA_ADRIATICA,Abruzzo Virtual - Alba Adriatica,PRESS,Pressione atmosferica,hPa,2026-04-10T20:30,1013.2,42.83,13.92,8842831392,"{""type"": ""Point"", ""coordinates"": [13.92, 42.83]}",5.0,2026-04-10T20:35:59,ARTA_VIRTUAL,Abruzzo
ABR_ALBA_ADRIATICA,Abruzzo Virtual - Alba Adriatica,VV,Velocità vento,m/s,2026-04-10T20:30,1.11,42.83,13.92,8842831392,"{""type"": ""Point"", ""coordinates"": [13.92, 42.83]}",5.0,2026-04-10T20:35:59,ARTA_VIRTUAL,Abruzzo
ABR_ALBA_ADRIATICA,Abruzzo Virtual - Alba Adriatica,PREC,Precipitazione,mm,2026-04-10T20:30,0.0,42.83,13.92,8842831392,"{""type"": ""Point"", ""coordinates"": [13.92, 42.83]}",5.0,2026-04-10T20:35:59,ARTA_VIRTUAL,Abruzzo
ABR_TORTORETO,Abruzzo Virtual - Tortoreto,TARIA2M,Temperatura aria a 2m,°C,2026-04-10T20:30,14.7,42.8,13.94,884281394,"{""type"": ""Point"", ""coordinates"": [13.94, 42.8]}",5.0,2026-04-10T20:35:59,ARTA_VIRTUAL,Abruzzo
ABR_TORTORETO,Abruzzo Virtual - Tortoreto,PRESS,Pressione atmosferica,hPa,2026-04-10T20:30,1014.3,42.8,13.94,884281394,"{""type"": ""Point"", ""coordinates"": [13.94, 42.8]}",5.0,2026-04-10T20:35:59,ARTA_VIRTUAL,Abruzzo
ABR_TORTORETO,Abruzzo Virtual - Tortoreto,VV,Velocità vento,m/s,2026-04-10T20:30,1.11,42.8,13.94,884281394,"{""type"": ""Point"", ""coordinates"": [13.94, 42.8]}",5.0,2026-04-10T20:35:59,ARTA_VIRTUAL,Abruzzo
ABR_TORTORETO,Abruzzo Virtual - Tortoreto,PREC,Precipitazione,mm,2026-04-10T20:30,0.0,42.8,13.94,884281394,"{""type"": ""Point"", ""coordinates"": [13.94, 42.8]}",5.0,2026-04-10T20:35:59,ARTA_VIRTUAL,Abruzzo
ABR_GIULIANOVA,Abruzzo Virtual - Giulianova,TARIA2M,Temperatura aria a 2m,°C,2026-04-10T20:30,14.3,42.75,13.97,8842751397,"{""type"": ""Point"", ""coordinates"": [13.97, 42.75]}",5.0,2026-04-10T20:35:59,ARTA_VIRTUAL,Abruzzo
ABR_GIULIANOVA,Abruzzo Virtual - Giulianova,PRESS,Pressione atmosferica,hPa,2026-04-10T20:30,1014.1,42.75,13.97,8842751397,"{""type"": ""Point"", ""coordinates"": [13.97, 42.75]}",5.0,2026-04-10T20:35:59,ARTA_VIRTUAL,Abruzzo
ABR_GIULIANOVA,Abruzzo Virtual - Giulianova,VV,Velocità vento,m/s,2026-04-10T20:30,0.72,42.75,13.97,8842751397,"{""type"": ""Point"", ""coordinates"": [13.97, 42.75]}",5.0,2026-04-10T20:35:59,ARTA_VIRTUAL,Abruzzo
ABR_GIULIANOVA,Abruzzo Virtual - Giulianova,PREC,Precipitazione,mm,2026-04-10T20:30,0.0,42.75,13.97,8842751397,"{""type"": ""Point"", ""coordinates"": [13.97, 42.75]}",5.0,2026-04-10T20:35:59,ARTA_VIRTUAL,Abruzzo
ABR_ROSETO_DEGLI_ABRUZZI,Abruzzo Virtual - Roseto degli Abruzzi,TARIA2M,Temperatura aria a 2m,°C,2026-04-10T20:30,14.0,42.67,14.01,8842671401,"{""type"": ""Point"", ""coordinates"": [14.01, 42.67]}",5.0,2026-04-10T20:35:59,ARTA_VIRTUAL,Abruzzo
ABR_ROSETO_DEGLI_ABRUZZI,Abruzzo Virtual - Roseto degli Abruzzi,PRESS,Pressione atmosferica,hPa,2026-04-10T20:30,1007.1,42.67,14.01,8842671401,"{""type"": ""Point"", ""coordinates"": [14.01, 42.67]}",5.0,2026-04-10T20:35:59,ARTA_VIRTUAL,Abruzzo
ABR_ROSETO_DEGLI_ABRUZZI,Abruzzo Virtual - Roseto degli Abruzzi,VV,Velocità vento,m/s,2026-04-10T20:30,0.75,42.67,14.01,8842671401,"{""type"": ""Point"", ""coordinates"": [14.01, 42.67]}",5.0,2026-04-10T20:35:59,ARTA_VIRTUAL,Abruzzo
ABR_ROSETO_DEGLI_ABRUZZI,Abruzzo Virtual - Roseto degli Abruzzi,PREC,Precipitazione,mm,2026-04-10T20:30,0.0,42.67,14.01,8842671401,"{""type"": ""Point"", ""coordinates"": [14.01, 42.67]}",5.0,2026-04-10T20:35:59,ARTA_VIRTUAL,Abruzzo
ABR_PINETO,Abruzzo Virtual - Pineto,TARIA2M,Temperatura aria a 2m,°C,2026-04-10T20:30,14.2,42.61,14.06,8842611406,"{""type"": ""Point"", ""coordinates"": [14.06, 42.61]}",5.0,2026-04-10T20:35:59,ARTA_VIRTUAL,Abruzzo
ABR_PINETO,Abruzzo Virtual - Pineto,PRESS,Pressione atmosferica,hPa,2026-04-10T20:30,1012.1,42.61,14.06,8842611406,"{""type"": ""Point"", ""coordinates"": [14.06, 42.61]}",5.0,2026-04-10T20:35:59,ARTA_VIRTUAL,Abruzzo
ABR_PINETO,Abruzzo Virtual - Pineto,VV,Velocità vento,m/s,2026-04-10T20:30,0.61,42.61,14.06,8842611406,"{""type"": ""Point"", ""coordinates"": [14.06, 42.61]}",5.0,2026-04-10T20:35:59,ARTA_VIRTUAL,Abruzzo
ABR_PINETO,Abruzzo Virtual - Pineto,PREC,Precipitazione,mm,2026-04-10T20:30,0.0,42.61,14.06,8842611406,"{""type"": ""Point"", ""coordinates"": [14.06, 42.61]}",5.0,2026-04-10T20:35:59,ARTA_VIRTUAL,Abruzzo
ABR_SILVI_MARINA,Abruzzo Virtual - Silvi Marina,TARIA2M,Temperatura aria a 2m,°C,2026-04-10T20:30,14.4,42.55,14.11,8842551411,"{""type"": ""Point"", ""coordinates"": [14.11, 42.55]}",5.0,2026-04-10T20:35:59,ARTA_VIRTUAL,Abruzzo
ABR_SILVI_MARINA,Abruzzo Virtual - Silvi Marina,PRESS,Pressione atmosferica,hPa,2026-04-10T20:30,1007.7,42.55,14.11,8842551411,"{""type"": ""Point"", ""coordinates"": [14.11, 42.55]}",5.0,2026-04-10T20:35:59,ARTA_VIRTUAL,Abruzzo
ABR_SILVI_MARINA,Abruzzo Virtual - Silvi Marina,VV,Velocità vento,m/s,2026-04-10T20:30,0.22,42.55,14.11,8842551411,"{""type"": ""Point"", ""coordinates"": [14.11, 42.55]}",5.0,2026-04-10T20:35:59,ARTA_VIRTUAL,Abruzzo
ABR_SILVI_MARINA,Abruzzo Virtual - Silvi Marina,PREC,Precipitazione,mm,2026-04-10T20:30,0.0,42.55,14.11,8842551411,"{""type"": ""Point"", ""coordinates"": [14.11, 42.55]}",5.0,2026-04-10T20:35:59,ARTA_VIRTUAL,Abruzzo
ABR_MONTESILVANO,Abruzzo Virtual - Montesilvano,TARIA2M,Temperatura aria a 2m,°C,2026-04-10T20:30,14.7,42.51,14.15,8842511415,"{""type"": ""Point"", ""coordinates"": [14.15, 42.51]}",5.0,2026-04-10T20:35:59,ARTA_VIRTUAL,Abruzzo
ABR_MONTESILVANO,Abruzzo Virtual - Montesilvano,PRESS,Pressione atmosferica,hPa,2026-04-10T20:30,1014.1,42.51,14.15,8842511415,"{""type"": ""Point"", ""coordinates"": [14.15, 42.51]}",5.0,2026-04-10T20:35:59,ARTA_VIRTUAL,Abruzzo
ABR_MONTESILVANO,Abruzzo Virtual - Montesilvano,VV,Velocità vento,m/s,2026-04-10T20:30,0.22,42.51,14.15,8842511415,"{""type"": ""Point"", ""coordinates"": [14.15, 42.51]}",5.0,2026-04-10T20:35:59,ARTA_VIRTUAL,Abruzzo
ABR_MONTESILVANO,Abruzzo Virtual - Montesilvano,PREC,Precipitazione,mm,2026-04-10T20:30,0.0,42.51,14.15,8842511415,"{""type"": ""Point"", ""coordinates"": [14.15, 42.51]}",5.0,2026-04-10T20:35:59,ARTA_VIRTUAL,Abruzzo
ABR_PESCARA,Abruzzo Virtual - Pescara,TARIA2M,Temperatura aria a 2m,°C,2026-04-10T20:30,14.5,42.46,14.21,8842461421,"{""type"": ""Point"", ""coordinates"": [14.21, 42.46]}",5.0,2026-04-10T20:35:59,ARTA_VIRTUAL,Abruzzo
ABR_PESCARA,Abruzzo Virtual - Pescara,PRESS,Pressione atmosferica,hPa,2026-04-10T20:30,1013.7,42.46,14.21,8842461421,"{""type"": ""Point"", ""coordinates"": [14.21, 42.46]}",5.0,2026-04-10T20:35:59,ARTA_VIRTUAL,Abruzzo
ABR_PESCARA,Abruzzo Virtual - Pescara,VV,Velocità vento,m/s,2026-04-10T20:30,0.14,42.46,14.21,8842461421,"{""type"": ""Point"", ""coordinates"": [14.21, 42.46]}",5.0,2026-04-10T20:35:59,ARTA_VIRTUAL,Abruzzo
ABR_PESCARA,Abruzzo Virtual - Pescara,PREC,Precipitazione,mm,2026-04-10T20:30,0.0,42.46,14.21,8842461421,"{""type"": ""Point"", ""coordinates"": [14.21, 42.46]}",5.0,2026-04-10T20:35:59,ARTA_VIRTUAL,Abruzzo
ABR_FRANCAVILLA_AL_MARE,Abruzzo Virtual - Francavilla al Mare,TARIA2M,Temperatura aria a 2m,°C,2026-04-10T20:30,14.2,42.42,14.28,8842421428,"{""type"": ""Point"", ""coordinates"": [14.28, 42.42]}",5.0,2026-04-10T20:35:59,ARTA_VIRTUAL,Abruzzo
ABR_FRANCAVILLA_AL_MARE,Abruzzo Virtual - Francavilla al Mare,PRESS,Pressione atmosferica,hPa,2026-04-10T20:30,1011.8,42.42,14.28,8842421428,"{""type"": ""Point"", ""coordinates"": [14.28, 42.42]}",5.0,2026-04-10T20:35:59,ARTA_VIRTUAL,Abruzzo
ABR_FRANCAVILLA_AL_MARE,Abruzzo Virtual - Francavilla al Mare,VV,Velocità vento,m/s,2026-04-10T20:30,0.56,42.42,14.28,8842421428,"{""type"": ""Point"", ""coordinates"": [14.28, 42.42]}",5.0,2026-04-10T20:35:59,ARTA_VIRTUAL,Abruzzo
ABR_FRANCAVILLA_AL_MARE,Abruzzo Virtual - Francavilla al Mare,PREC,Precipitazione,mm,2026-04-10T20:30,0.0,42.42,14.28,8842421428,"{""type"": ""Point"", ""coordinates"": [14.28, 42.42]}",5.0,2026-04-10T20:35:59,ARTA_VIRTUAL,Abruzzo
ABR_ORTONA,Abruzzo Virtual - Ortona,TARIA2M,Temperatura aria a 2m,°C,2026-04-10T20:30,14.2,42.35,14.4,884235144,"{""type"": ""Point"", ""coordinates"": [14.4, 42.35]}",5.0,2026-04-10T20:35:59,ARTA_VIRTUAL,Abruzzo
ABR_ORTONA,Abruzzo Virtual - Ortona,PRESS,Pressione atmosferica,hPa,2026-04-10T20:30,1005.6,42.35,14.4,884235144,"{""type"": ""Point"", ""coordinates"": [14.4, 42.35]}",5.0,2026-04-10T20:35:59,ARTA_VIRTUAL,Abruzzo
ABR_ORTONA,Abruzzo Virtual - Ortona,VV,Velocità vento,m/s,2026-04-10T20:30,0.92,42.35,14.4,884235144,"{""type"": ""Point"", ""coordinates"": [14.4, 42.35]}",5.0,2026-04-10T20:35:59,ARTA_VIRTUAL,Abruzzo
ABR_ORTONA,Abruzzo Virtual - Ortona,PREC,Precipitazione,mm,2026-04-10T20:30,0.0,42.35,14.4,884235144,"{""type"": ""Point"", ""coordinates"": [14.4, 42.35]}",5.0,2026-04-10T20:35:59,ARTA_VIRTUAL,Abruzzo
ABR_SAN_VITO_CHIETINO,Abruzzo Virtual - San Vito Chietino,TARIA2M,Temperatura aria a 2m,°C,2026-04-10T20:30,14.9,42.3,14.44,884231444,"{""type"": ""Point"", ""coordinates"": [14.44, 42.3]}",5.0,2026-04-10T20:35:59,ARTA_VIRTUAL,Abruzzo
ABR_SAN_VITO_CHIETINO,Abruzzo Virtual - San Vito Chietino,PRESS,Pressione atmosferica,hPa,2026-04-10T20:30,1012.9,42.3,14.44,884231444,"{""type"": ""Point"", ""coordinates"": [14.44, 42.3]}",5.0,2026-04-10T20:35:59,ARTA_VIRTUAL,Abruzzo
ABR_SAN_VITO_CHIETINO,Abruzzo Virtual - San Vito Chietino,VV,Velocità vento,m/s,2026-04-10T20:30,0.94,42.3,14.44,884231444,"{""type"": ""Point"", ""coordinates"": [14.44, 42.3]}",5.0,2026-04-10T20:35:59,ARTA_VIRTUAL,Abruzzo
ABR_SAN_VITO_CHIETINO,Abruzzo Virtual - San Vito Chietino,PREC,Precipitazione,mm,2026-04-10T20:30,0.0,42.3,14.44,884231444,"{""type"": ""Point"", ""coordinates"": [14.44, 42.3]}",5.0,2026-04-10T20:35:59,ARTA_VIRTUAL,Abruzzo
ABR_FOSSACESIA,Abruzzo Virtual - Fossacesia,TARIA2M,Temperatura aria a 2m,°C,2026-04-10T20:30,13.8,42.24,14.48,8842241448,"{""type"": ""Point"", ""coordinates"": [14.48, 42.24]}",5.0,2026-04-10T20:35:59,ARTA_VIRTUAL,Abruzzo
ABR_FOSSACESIA,Abruzzo Virtual - Fossacesia,PRESS,Pressione atmosferica,hPa,2026-04-10T20:30,996.5,42.24,14.48,8842241448,"{""type"": ""Point"", ""coordinates"": [14.48, 42.24]}",5.0,2026-04-10T20:35:59,ARTA_VIRTUAL,Abruzzo
ABR_FOSSACESIA,Abruzzo Virtual - Fossacesia,VV,Velocità vento,m/s,2026-04-10T20:30,0.31,42.24,14.48,8842241448,"{""type"": ""Point"", ""coordinates"": [14.48, 42.24]}",5.0,2026-04-10T20:35:59,ARTA_VIRTUAL,Abruzzo
ABR_FOSSACESIA,Abruzzo Virtual - Fossacesia,PREC,Precipitazione,mm,2026-04-10T20:30,0.0,42.24,14.48,8842241448,"{""type"": ""Point"", ""coordinates"": [14.48, 42.24]}",5.0,2026-04-10T20:35:59,ARTA_VIRTUAL,Abruzzo
ABR_CASALBORDINO,Abruzzo Virtual - Casalbordino,TARIA2M,Temperatura aria a 2m,°C,2026-04-10T20:30,14.5,42.19,14.58,8842191458,"{""type"": ""Point"", ""coordinates"": [14.58, 42.19]}",5.0,2026-04-10T20:35:59,ARTA_VIRTUAL,Abruzzo
ABR_CASALBORDINO,Abruzzo Virtual - Casalbordino,PRESS,Pressione atmosferica,hPa,2026-04-10T20:30,1002.2,42.19,14.58,8842191458,"{""type"": ""Point"", ""coordinates"": [14.58, 42.19]}",5.0,2026-04-10T20:35:59,ARTA_VIRTUAL,Abruzzo
ABR_CASALBORDINO,Abruzzo Virtual - Casalbordino,VV,Velocità vento,m/s,2026-04-10T20:30,0.28,42.19,14.58,8842191458,"{""type"": ""Point"", ""coordinates"": [14.58, 42.19]}",5.0,2026-04-10T20:35:59,ARTA_VIRTUAL,Abruzzo
ABR_CASALBORDINO,Abruzzo Virtual - Casalbordino,PREC,Precipitazione,mm,2026-04-10T20:30,0.0,42.19,14.58,8842191458,"{""type"": ""Point"", ""coordinates"": [14.58, 42.19]}",5.0,2026-04-10T20:35:59,ARTA_VIRTUAL,Abruzzo
ABR_VASTO,Abruzzo Virtual - Vasto,TARIA2M,Temperatura aria a 2m,°C,2026-04-10T20:30,14.0,42.11,14.71,8842111471,"{""type"": ""Point"", ""coordinates"": [14.71, 42.11]}",5.0,2026-04-10T20:35:59,ARTA_VIRTUAL,Abruzzo
ABR_VASTO,Abruzzo Virtual - Vasto,PRESS,Pressione atmosferica,hPa,2026-04-10T20:30,997.9,42.11,14.71,8842111471,"{""type"": ""Point"", ""coordinates"": [14.71, 42.11]}",5.0,2026-04-10T20:35:59,ARTA_VIRTUAL,Abruzzo
ABR_VASTO,Abruzzo Virtual - Vasto,VV,Velocità vento,m/s,2026-04-10T20:30,0.81,42.11,14.71,8842111471,"{""type"": ""Point"", ""coordinates"": [14.71, 42.11]}",5.0,2026-04-10T20:35:59,ARTA_VIRTUAL,Abruzzo
ABR_VASTO,Abruzzo Virtual - Vasto,PREC,Precipitazione,mm,2026-04-10T20:30,0.0,42.11,14.71,8842111471,"{""type"": ""Point"", ""coordinates"": [14.71, 42.11]}",5.0,2026-04-10T20:35:59,ARTA_VIRTUAL,Abruzzo
ABR_SAN_SALVO,Abruzzo Virtual - San Salvo,TARIA2M,Temperatura aria a 2m,°C,2026-04-10T20:30,14.2,42.04,14.73,8842041473,"{""type"": ""Point"", ""coordinates"": [14.73, 42.04]}",5.0,2026-04-10T20:35:59,ARTA_VIRTUAL,Abruzzo
ABR_SAN_SALVO,Abruzzo Virtual - San Salvo,PRESS,Pressione atmosferica,hPa,2026-04-10T20:30,1002.5,42.04,14.73,8842041473,"{""type"": ""Point"", ""coordinates"": [14.73, 42.04]}",5.0,2026-04-10T20:35:59,ARTA_VIRTUAL,Abruzzo
ABR_SAN_SALVO,Abruzzo Virtual - San Salvo,VV,Velocità vento,m/s,2026-04-10T20:30,0.28,42.04,14.73,8842041473,"{""type"": ""Point"", ""coordinates"": [14.73, 42.04]}",5.0,2026-04-10T20:35:59,ARTA_VIRTUAL,Abruzzo
ABR_SAN_SALVO,Abruzzo Virtual - San Salvo,PREC,Precipitazione,mm,2026-04-10T20:30,0.0,42.04,14.73,8842041473,"{""type"": ""Point"", ""coordinates"": [14.73, 42.04]}",5.0,2026-04-10T20:35:59,ARTA_VIRTUAL,Abruzzo
